date,date_raw,status,score,coverage,keywords,title,url
2025-10-04,2025-10-04T18:06:28+02:00,200,0.4512,66.67%,klickfliesen reinigen balkon,wie findet ihr meinen haushalts-arbeitstag?,https://www.gutefrage.net/frage/wie-findet-ihr-meinen-haushalts-arbeitstag
2025-06-04,2025-06-04T19:11:43+02:00,200,0.7461,100.00%,balkonboden holzfliesen,balkon holzfliesen verlegen?,https://www.gutefrage.net/frage/balkon-holzfliesen-verlegen
2025-05-21,2025-05-21T16:58:40+02:00,200,0.3828,50.00%,terrassenfliesen reinigen,mit was motorrad reinigen?,https://www.gutefrage.net/frage/mit-was-motorrad-reinigen
2025-05-18,2025-05-18T23:00:23+02:00,200,0.4917,66.67%,balkon bodenbelag fliesen,was ist das für ein bodenbelag?,https://www.gutefrage.net/frage/was-ist-das-fuer-ein-bodenbelag-7
2025-05-18,2025-05-18T15:36:54+02:00,200,0.4093,50.00%,terrassenfliesen reinigen,wie oft motorradkette reinigen und fetten?,https://www.gutefrage.net/frage/wie-oft-motorradkette-reinigen-und-fetten
2025-04-20,2025-04-20T13:19:05+02:00,200,0.3652,50.00%,terrassenfliesen reinigen,wie oft lederkombi pflegen/reinigen?,https://www.gutefrage.net/frage/wie-oft-lederkombi-pflegenreinigen
2025-04-18,2025-04-18T22:43:17+02:00,200,0.4801,50.00%,terrassenfliesen akazie,schwarze terrassenfliesen so möglich?,https://www.gutefrage.net/frage/schwarze-terrassenfliesen-so-moeglich
2025-04-01,2025-04-01T15:04:38+02:00,200,0.6333,100.00%,akazienholz klickfliesen,boden beim balkon eben machen?,https://www.gutefrage.net/frage/boden-beim-balkon-eben-machen
2025-03-03,2025-03-03T09:54:27+01:00,200,0.4453,66.67%,balkon bodenbelag fliesen,wie kann man einfach und kostengünstig sein zuhause verschönern?,https://www.gutefrage.net/frage/wie-kann-man-einfach-und-kostenguenstig-sein-zuhause-verschoenern
2025-02-23,2025-02-23T20:51:20+01:00,200,0.4221,50.00%,terrassenfliesen reinigen,sexspielzeug wie reinigen?,https://www.gutefrage.net/a/frage/sexspielzeug-wie-reinigen
2024-12-02,2024-12-02T10:06:18+01:00,200,0.3683,50.00%,terrassenfliesen reinigen,wie oft sollte man folgende dinge reinigen/putzen?,https://www.gutefrage.net/frage/wie-oft-sollte-man-folgende-dinge-reinigenputzen
2024-11-21,2024-11-21T12:56:20+01:00,200,0.5462,66.67%,balkon bodenbelag fliesen | holz klickfliesen balkon | klickfliesen reinigen balkon,was könnte man hier tun am balkon um die unebenheit auszugleichen ohne gleich die fliesen abzuschlagen?,https://www.gutefrage.net/frage/was-koennte-man-hier-tun-am-balkon-um-die-unebenheit-auszugleichen-ohne-gleich-die-fliesen-abzuschlagen
2024-11-20,2024-11-20T15:16:52+01:00,200,0.3889,50.00%,terrassenfliesen reinigen,wie entfernt ihr eure „wasserflecken“ am aquariumglas?,https://www.gutefrage.net/frage/wie-entfernt-ihr-eure-wasserflecken-am-aquariumglas
2024-11-05,2024-11-05T13:06:59+01:00,200,0.5023,66.67%,akazienholz terrasse pflege,wie darf eine terrasse aussehen?,https://www.gutefrage.net/frage/wie-darf-eine-terrasse-aussehen
2024-08-05,2024-08-05T20:55:23+02:00,200,0.4772,66.67%,klickfliesen reinigen balkon,"wie kann man einen balkon am besten reinigen, und hübsch gestalten?",https://www.gutefrage.net/frage/wie-kann-man-einen-balkon-am-besten-reinigen-und-huebsch-gestalten
2024-08-05,2024-08-05T17:26:41+02:00,200,0.3632,50.00%,terrassenfliesen reinigen,kann ich jeden kristall mit rauch reinigen?,https://www.gutefrage.net/frage/kann-ich-jeden-kristall-mit-rauch-reinigen
2024-07-31,2024-07-31T08:29:31+02:00,200,0.3715,50.00%,terrassenfliesen reinigen,bad-lüfter wie korrekt reinigen?,https://www.gutefrage.net/frage/bad-luefter-wie-korrekt-reinigen
2024-07-09,2024-07-09T15:26:37+02:00,200,0.5194,66.67%,holzfliesen balkon pflege,was kann man gegen insekten unter holzfliesen auf dem balkon?,https://www.gutefrage.net/frage/was-kann-man-gegen-insekten-unter-holzfliesen-auf-dem-balkon
2024-06-29,2024-06-29T00:19:59+02:00,200,0.4595,66.67%,holzfliesen balkon pflege,was tun gegen streunnde katze auf dem balkon?,https://www.gutefrage.net/frage/was-tun-gegen-streunnde-katze-auf-dem-balkon
2024-06-27,2024-06-27T15:20:50+02:00,200,0.4532,66.67%,klickfliesen reinigen balkon,weiß jemand was das ist?,https://www.gutefrage.net/frage/weiss-jemand-was-das-ist-517
2024-06-24,2024-06-24T07:08:56+02:00,200,0.4417,66.67%,holzfliesen balkon pflege,weiß jemand was das für käfer sind?,https://www.gutefrage.net/frage/weiss-jemand-was-das-fuer-kaefer-sind-5
2024-05-30,2024-05-30T10:10:39+02:00,200,0.5333,66.67%,akazienholz terrasse pflege | klickfliesen terrasse holz,"möchte terasse aus bankirai holz reinigen, wieviel bar soll ein hochdruckreiniger haben. terrasse ist sehr verschmutzt",https://www.gutefrage.net/frage/moechte-terasse-aus-bankirai-holz-reinigen-wieviel-bar-soll-ein-hochdruckreiniger-haben-terrasse-ist-sehr-verschmutzt
2024-05-01,2024-05-01T20:37:48+02:00,200,0.4938,66.67%,klickfliesen reinigen balkon,balkon säubern mit was und wie?,https://www.gutefrage.net/frage/balkon-saeubern-mit-was-und-wie
2024-04-05,2024-04-05T10:19:12+02:00,200,0.4917,66.67%,holz klickfliesen balkon,balkon schön machen wie?,https://www.gutefrage.net/frage/balkon-schoen-machen-wie
2024-03-15,2024-03-15T11:20:32+01:00,200,0.4811,66.67%,balkon bodenbelag fliesen,wie lange würde es dauern allein diesen balkon zu fliesen?,https://www.gutefrage.net/frage/wie-lange-wuerde-es-dauern-allein-diesen-balkon-zu-fliesen
2024-02-20,2024-02-20T13:29:50+01:00,200,0.5095,66.67%,klickfliesen reinigen balkon,wie balkon über bürgersteig nass reinigen?,https://www.gutefrage.net/frage/wie-balkon-ueber-buergersteig-nass-reinigen
2024-02-11,2024-02-11T12:56:38+01:00,200,0.4839,66.67%,balkon bodenbelag fliesen,was kann man gut auf fliesen anbringen?,https://www.gutefrage.net/frage/was-kann-man-gut-auf-fliesen-anbringen
2024-01-30,2024-01-30T02:10:17+01:00,200,0.4723,66.67%,holz klickfliesen balkon,kann ich auf den balkon gardinenstange anboten?,https://www.gutefrage.net/frage/kann-ich-auf-den-balkon-gardinenstange-anboten
2023-12-30,2023-12-30T15:10:07+01:00,200,0.4744,66.67%,holzfliesen balkon pflege,wie pflege ich diese zitronengeranie? 🍋?,https://www.gutefrage.net/frage/wie-pflege-ich-diese-zitronengeranie-
2023-11-14,2023-11-14T17:17:23+01:00,200,0.4982,66.67%,balkon bodenbelag fliesen | holz klickfliesen balkon | holzfliesen balkon pflege,balkon-boden - was nimmt man da?,https://www.gutefrage.net/frage/balkon-boden---was-nimmt-man-da
2023-07-30,2023-07-30T05:51:59+02:00,200,0.4649,66.67%,balkon bodenbelag fliesen,kann man als mieter was da tun?,https://www.gutefrage.net/frage/kann-man-als-mieter-was-da-tun
2023-07-25,2023-07-25T12:55:59+02:00,200,0.4891,66.67%,klickfliesen terrasse holz,holz verbrannt was tun?,https://www.gutefrage.net/d/frage/holz-verbrannt-was-tun
2023-04-10,2023-04-10T10:18:47+02:00,200,0.3516,50.00%,terrassenfliesen reinigen,wie kann man einen tft monitor oder lcd fernseher (beides in etwa das selbe) reinigen?,https://www.gutefrage.net/frage/wie-kann-man-einen-tft-monitor-oder-lcd-fernseher-beides-in-etwa-das-selbe-reinigen
2023-03-15,2023-03-15T00:12:20+01:00,200,0.4511,66.67%,balkon bodenbelag fliesen,frage zu apple care+ bei macbooks. wie läuft das ab?,https://www.gutefrage.net/frage/frage-zu-apple-care-bei-macbooks-wie-laeuft-das-ab
2023-01-24,2023-01-24T13:53:29+01:00,200,0.3926,50.00%,terrassenfliesen reinigen,wann/wie oft sollte man seinen pc reinigen?,https://www.gutefrage.net/frage/wannwie-oft-sollte-man-seinen-pc-reinigen
2022-12-01,2022-12-01T15:20:42+01:00,200,0.3882,50.00%,terrassenfliesen reinigen,wie reinige ich eine bluray?,https://www.gutefrage.net/frage/wie-reinige-ich-eine-bluray
2022-09-29,2022-09-29T10:59:45+02:00,200,0.3766,50.00%,terrassenfliesen reinigen,wie kann ich die kaminscheibe reinigen?,https://www.gutefrage.net/frage/wie-kann-ich-die-kaminscheibe-reinigen
2022-08-23,2022-08-23T17:55:09+02:00,200,0.3871,50.00%,terrassenfliesen reinigen,wie laptop in der ritze reinigen?,https://www.gutefrage.net/frage/wie-laptop-in-der-ritze-reinigen
2022-07-28,2022-07-28T18:07:37+02:00,200,0.4727,66.67%,klickfliesen terrasse holz,kann morsches holz wieder stabil werden?,https://www.gutefrage.net/frage/kann-morsches-holz-wider-stabil-werden
2022-07-20,2022-07-20T17:42:04+02:00,200,0.4508,66.67%,holz klickfliesen balkon,"was versteht man unter ""altes holz"" beim rückschnitt von rosmarin / halbsträuchern?",https://www.gutefrage.net/frage/was-versteht-man-unter-altes-holz-beim-rueckschnitt-von-rosmarin--halbstraeuchern
2022-06-11,2022-06-11T21:01:41+02:00,200,0.3782,50.00%,terrassenfliesen reinigen,wie kann ich denn pci-e slot reinigen?,https://www.gutefrage.net/frage/wie-kann-ich-denn-pci-e-slot-reinigen
2022-06-03,2022-06-03T11:12:47+02:00,200,0.3718,50.00%,terrassenfliesen reinigen,wie geschlossene kugellager reinigen?,https://www.gutefrage.net/frage/wie-geschlossene-kugellager-reinigen
2022-05-05,2022-05-05T16:02:57+02:00,200,0.4800,66.67%,akazienholz terrasse pflege,wie pflege ich diesen oleander und wie schneide ich ihn?,https://www.gutefrage.net/frage/wie-pflege-ich-diesen-oleander-und-wie-schneide-ich-ihn
2022-04-11,2022-04-11T11:46:04+02:00,200,0.5107,66.67%,klickfliesen reinigen balkon | terrassenfliesen reinigen,wie pinsel mit aceton reinigen?,https://www.gutefrage.net/frage/wie-pinsel-mit-aceton-reinigen
2022-03-27,2022-03-27T11:46:32+02:00,200,0.4515,50.00%,akazienholz klickfliesen,klickfliesen reinigen?,https://www.gutefrage.net/frage/klickfliesen-reinigen
2022-03-23,2022-03-23T16:01:48+01:00,200,0.3509,50.00%,terrassenfliesen reinigen,wie reinigt man gebrauchte lederhandschuhe (motorrad)?,https://www.gutefrage.net/frage/wie-reinigt-man-gebrauchte-lederhandschuhe-motorrad
2022-02-16,2022-02-16T21:51:25+01:00,200,0.3947,50.00%,terrassenfliesen reinigen,wie oft muss man einen hamster käfig reinigen?,https://www.gutefrage.net/frage/wie-oft-muss-man-einen-hamster-kaefig-reinigen
2022-01-25,2022-01-25T23:46:16+01:00,200,0.3714,50.00%,terrassenfliesen reinigen,kann man mit diesem wasserfilter fluss/seewasser reinigen?,https://www.gutefrage.net/frage/kann-man-mit-diesem-wasserfilter-flussseewasser-reinigen
2022-01-13,2022-01-13T17:55:44+01:00,200,0.4208,50.00%,terrassenfliesen reinigen,wie vogelhaus reinigen?,https://www.gutefrage.net/frage/wie-vogelhaus-reinigen
2021-10-25,2021-10-25T15:15:57+02:00,200,0.4760,66.67%,klickfliesen outdoor holz,outdoor kochen mit dutch oven auf holzkohlegrill vs kochen in der küche mit gas oder strom: was ist preisgünstiger und besser für den klimaschutz u. für den...?,https://www.gutefrage.net/frage/outdoor-kochen-mit-dutch-oven-auf-holzkohlegrill-vs-kochen-in-der-kueche-mit-gas-oder-strom-was-ist-preisguenstiger-und-besser-fuer-den-klimaschutz-u-fuer-den
2021-08-21,2021-08-21T18:42:06+02:00,200,0.3877,50.00%,terrassenfliesen reinigen,wie oft kann man schmuck ultraschall reinigen?,https://www.gutefrage.net/frage/wie-oft-kann-man-schmuck-ultraschall-reinigen
2021-08-15,2021-08-15T13:33:50+02:00,200,0.4653,66.67%,holzfliesen balkon pflege,wohnen: was ziehst du vor? garten oder balkon?,https://www.gutefrage.net/frage/wohnen-was-ziehst-du-vor-garten-oder-balkon
2021-07-27,2021-07-27T12:39:50+02:00,200,0.4843,66.67%,klickfliesen terrasse holz,terrasse bauen - was muss ich beachten?,https://www.gutefrage.net/frage/terrasse-bauen---was-muss-ich-beachten
2021-07-27,2021-07-27T07:36:48+02:00,200,0.3853,50.00%,terrassenfliesen reinigen,wie oft sollte man silber schmuck reinigen?,https://www.gutefrage.net/frage/wie-oft-sollte-man-silber-schmuck-reinigen
2021-06-19,2021-06-19T11:33:18+02:00,200,0.4667,66.67%,holz klickfliesen balkon,vogel auf dem balkon gelandet kann nicht fliegen (jungtier?)?,https://www.gutefrage.net/frage/vogel-auf-dem-balkon-gelandet-kann-nicht-fliegen-jungtier
2021-06-11,2021-06-11T12:42:23+02:00,200,0.4485,66.67%,holzfliesen balkon pflege,was hat meine zitronenmelisse?,https://www.gutefrage.net/frage/was-hat-meine-zitronenmelisse
2021-06-06,2021-06-06T17:10:11+02:00,200,0.3696,50.00%,terrassenfliesen reinigen,wie reinige ich meine poren auf der nase richtig?,https://www.gutefrage.net/frage/wie-reinige-ich-meine-poren-auf-der-nase-richtig
2021-04-30,2021-04-30T20:20:59+02:00,200,0.6659,100.00%,balkon bodenbelag fliesen,"ikea ""runnen"" bodenbeläge - für wie viel qm?",https://www.gutefrage.net/frage/ikea-runnen-bodenbelaege---fuer-wie-viel-qm
2021-04-19,2021-04-19T12:56:17+02:00,200,0.4801,50.00%,terrassenfliesen akazie,terrassenfliesen auf alten belag?,https://www.gutefrage.net/frage/terrassenfliesen-auf-alten-belag
2021-02-11,2021-02-11T18:43:06+01:00,200,0.4848,66.67%,balkon bodenbelag fliesen,wie viele fliesen brauche ich?,https://www.gutefrage.net/frage/wie-viele-fliessen-brauche-ich
2021-01-20,2021-01-20T23:45:45+01:00,200,0.4288,50.00%,terrassenfliesen reinigen,wie ein terrarium reinigen?,https://www.gutefrage.net/frage/wie-ein-terrarium-reinigen
2021-01-15,2021-01-15T18:48:53+01:00,200,0.4500,66.67%,klickfliesen outdoor holz,"fleck auf holzboden, was tun?",https://www.gutefrage.net/frage/boden-auf-holzboden-was-tun
2020-12-23,2020-12-23T19:43:50+01:00,200,0.4821,66.67%,holzfliesen balkon pflege,was ist das für eine pflanze für den balkon?,https://www.gutefrage.net/frage/was-ist-das-fuer-eine-pflanze-fuer-den-balkon
2020-09-18,2020-09-18T06:37:19+02:00,200,0.3766,50.00%,terrassenfliesen reinigen,wie kann man silber am besten reinigen?,https://www.gutefrage.net/frage/wie-kann-man-silber-am-besten-reinigen
2020-09-14,2020-09-14T16:44:31+02:00,200,0.4106,50.00%,terrassenfliesen reinigen,wie versilberten schmuck reinigen?,https://www.gutefrage.net/frage/wie-versilberten-schmuck-reinigen
2020-09-08,2020-09-08T15:01:41+02:00,200,0.4000,50.00%,terrassenfliesen reinigen,wie reinige ich silber?,https://www.gutefrage.net/frage/wie-reinige-ich-silber
2020-09-01,2020-09-01T09:32:25+02:00,200,0.4760,66.67%,balkon bodenbelag fliesen,"in fliesen tauchen unvermittelt risse auf, wie reagieren?",https://www.gutefrage.net/frage/in-fliesen-tauchen-unvermittelt-risse-auf-wie-reagieren
2020-08-29,2020-08-29T22:43:03+02:00,200,0.7167,100.00%,holz klickfliesen balkon,"ikea klickfliesen auf rutschigem balkonuntergrund verlegen, was drunter?",https://www.gutefrage.net/frage/ikea-klickfliesen-auf-rutschigem-balkonuntergrund-verlegen-was-drunter
2020-07-11,2020-07-11T19:06:15+02:00,200,0.4801,50.00%,terrassenfliesen akazie,terrassenfliesen streichen?,https://www.gutefrage.net/frage/terrassenfliesen-streichen
2020-06-30,2020-06-30T17:55:55+02:00,200,0.4801,50.00%,terrassenfliesen akazie,manche terrassenfliesen dunkler als andere?,https://www.gutefrage.net/frage/manche-terrassenfliesen-dunkler-als-andere
2020-06-21,2020-06-21T09:07:19+02:00,200,0.4801,50.00%,terrassenfliesen akazie,terrassenfliesen in splitt verlegen?,https://www.gutefrage.net/frage/terrassenfliesen-in-splitt-verlegen
2020-06-16,2020-06-16T10:29:42+02:00,200,0.4489,66.67%,balkon bodenbelag fliesen,kann mir jemand sagen was das für ein käfer ist?,https://www.gutefrage.net/frage/kann-mir-jemand-sagen-was-das-fuer-ein-kaefer-ist-2
2020-04-23,2020-04-23T20:17:31+02:00,200,0.3962,50.00%,terrassenfliesen reinigen,säure eignen sich zum reinigen von fliesen aber nicht von marmorplatten kann mir jemand eine erklärung dazu geben?,https://www.gutefrage.net/frage/saeure-eignen-sich-zum-reinigen-von-fliesen-aber-nicht-von-marmorplatten-kann-mir-jemand-eine-erklaerung-dazu-geben
2020-04-19,2020-04-19T19:34:36+02:00,200,0.4633,66.67%,balkon bodenbelag fliesen,wie den boden (fliesen) im fitnessraum des eigenheims schützen?,https://www.gutefrage.net/frage/wie-den-boden-fliesen-im-fitnessraum-des-eigenheims-schuetzen
2020-04-19,2020-04-19T09:42:26+02:00,200,0.4583,50.00%,balkonboden holzfliesen,balkonboden ändern?,https://www.gutefrage.net/frage/balkonboden-aendern
2020-02-03,2020-02-03T21:56:10+01:00,200,0.3513,50.00%,terrassenfliesen reinigen,muss man eine aio wie die corsair h115i pro rgb mit kühlflüssigkeit nachfüllen oder reinigen?,https://www.gutefrage.net/frage/muss-man-eine-aio-wie-die-corsair-h115i-pro-rgb-mit-kuehlfluessigkeit-nachfuellen-oder-reinigen
2020-01-21,2020-01-21T18:16:12+01:00,200,0.3525,50.00%,terrassenfliesen reinigen,wie berechnet man den gewinn aus (autowäsche)?,https://www.gutefrage.net/frage/wie-berechnet-man-den-gewinn-aus-autowaesche
2019-11-22,2019-11-22T14:09:28+01:00,200,0.4637,66.67%,balkon bodenbelag fliesen,was für ein boden ist das? und ist das asbest?,https://www.gutefrage.net/frage/was-fuer-ein-boden-ist-das-und-ist-das-asbest
2019-11-05,2019-11-05T10:29:34+01:00,200,0.4723,66.67%,balkon bodenbelag fliesen,umbau der wohnung - kein balkon mehr. was tun?,https://www.gutefrage.net/frage/umbau-der-wohnung---kein-balkon-mehr-was-tun
2019-10-23,2019-10-23T21:51:42+02:00,200,0.3732,50.00%,terrassenfliesen reinigen,wie am besten airpods reinigen?,https://www.gutefrage.net/frage/wie-am-besten-airpods-reinigen
2019-05-30,2019-05-30T14:12:46+02:00,200,0.6578,100.00%,holz klickfliesen balkon | klickfliesen outdoor holz | klickfliesen reinigen balkon | klickfliesen terrasse holz,holz zu viel geölt was tun?,https://www.gutefrage.net/frage/holz-zu-viel-geoelt-was-tun
2018-06-22,2018-06-22T18:43:19+02:00,200,0.4801,50.00%,terrassenfliesen akazie,terrassenfliesen lösen sich nach 10 jahren vom untergrund? welche alternativen gibt es?,https://www.gutefrage.net/frage/terrassenfliesen-loesen-sich-nach-10-jahren-vom-untergrund-welche-alternativen-gibt-es
2018-06-06,2018-06-06T05:26:12+02:00,200,0.3850,50.00%,terrassenfliesen reinigen,wie katalysator reinigen?,https://www.gutefrage.net/frage/wie-katalysator-reinigen
2018-04-30,2018-04-30T12:49:13+02:00,200,0.4801,50.00%,terrassenfliesen akazie,wie kann ich schwarze flecken auf terrassenfliesen entfernen?,https://www.gutefrage.net/frage/wie-kann-ich-schwarze-flecken-auf-terrassenfliesen-entfernen
2018-04-14,2018-04-14T10:29:50+02:00,200,0.4711,66.67%,balkon bodenbelag fliesen,wie verlege ich im altbau jetzt den boden?,https://www.gutefrage.net/frage/wie-verlege-ich-im-altbau-jetzt-den-boden
2018-04-13,2018-04-13T15:45:09+02:00,200,0.4771,66.67%,klickfliesen reinigen balkon,asche ( von zigaretten) vom balkon boden weg bekommen wie?,https://www.gutefrage.net/d/frage/asche--von-zigaretten-vom-balkon-boden-weg-bekommen-wie
2018-01-05,2018-01-05T10:43:10+01:00,200,0.4727,66.67%,holzfliesen balkon pflege,wie kann ich eine igelfalle selber bauen?,https://www.gutefrage.net/frage/wie-kann-ich-eine-igelfalle-selber-bauen
2017-11-13,2017-11-13T18:11:58+01:00,200,0.4526,66.67%,balkon bodenbelag fliesen,"bad-wc-abfluss etwas erhöhen, aber wie?",https://www.gutefrage.net/frage/bad-wc-abfluss-etwas-erhoehen-aber-wie
2017-08-25,2017-08-25T09:17:24+02:00,200,0.4810,66.67%,klickfliesen reinigen balkon,wie kann ich eine jacke schonend reinigen?,https://www.gutefrage.net/frage/wie-kann-ich-eine-jacke-schonend-reinigen
2017-07-23,2017-07-23T17:38:16+02:00,200,0.4194,50.00%,terrassenfliesen reinigen,wie vagina reinigen?,https://www.gutefrage.net/a/frage/wie-vagina-reinigen
2017-05-24,2017-05-24T15:56:03+02:00,200,0.3962,50.00%,terrassenfliesen reinigen,wie soll ich skateboard kugellager reinigen und ölen reinigen ohne wasser geht doch nicht?,https://www.gutefrage.net/frage/wwie-soll-ich-skateboard-kugellager-reinigen-und-oelen-reinigen-ohne-wasser-geht-doch-nicht
2017-05-17,2017-05-17T18:03:14+02:00,200,0.3696,50.00%,terrassenfliesen reinigen,kann man einen easy pool mit spülmittel reinigen?,https://www.gutefrage.net/frage/kann-man-einen-easy-pool-mit-spuelmittel-reinigen
2017-02-12,2017-02-12T15:36:38+01:00,200,0.3665,50.00%,terrassenfliesen reinigen,wie bekommt man ein teesieb vernünftig sauber?,https://www.gutefrage.net/frage/wie-bekommt-man-ein-teesieb-vernuenftig-sauber
2016-09-14,2016-09-14T17:44:21+02:00,200,0.3872,50.00%,terrassenfliesen reinigen,wie die pfeife reinigen?,https://www.gutefrage.net/d/frage/wie-die-pfeife-reinigen
2016-08-25,2016-08-25T20:11:05+02:00,200,0.3712,50.00%,terrassenfliesen reinigen,wie kann ich einen vergoldeten bilderrahmen reinigen?,https://www.gutefrage.net/frage/wie-kann-ich-einen-vergoldeten-bilderrahmen-reinigen
2016-08-19,2016-08-19T12:21:59+02:00,200,0.3684,50.00%,terrassenfliesen reinigen,"kann ich das panzerglas direkt anbringen, ohne vorher zu reinigen?",https://www.gutefrage.net/frage/kann-ich-das-panzerglas-direkt-anbringen-ohne-vorher-zu-reinigen
2016-07-26,2016-07-26T10:22:10+02:00,200,0.4363,66.67%,balkon bodenbelag fliesen,thema: kaninchenstall auf gefliesten balkon. habt ihr ideen was ich als untergrund nehmen könnte?,https://www.gutefrage.net/frage/huhu--thema-kaninchenstall
2016-06-28,2016-06-28T15:32:08+02:00,200,0.3528,50.00%,terrassenfliesen reinigen,mein rucksack riecht komisch wie kann man den am besten reinigen?,https://www.gutefrage.net/frage/mein-rucksack-riecht-komisch-wie-kann-man-den-am-besten-reinigen
2016-06-15,2016-06-15T17:50:34+02:00,200,0.4604,66.67%,akazienholz terrasse pflege,schlausten tiere die man halten kann?,https://www.gutefrage.net/frage/schlausten-tiere-die-man-halten-kann
2016-06-15,2016-06-15T12:41:55+02:00,200,0.3750,50.00%,terrassenfliesen reinigen,wie reinige ich am besten mein nagarium?,https://www.gutefrage.net/frage/wie-reinige-ich-am-besten-mein-nagarium
2016-06-05,2016-06-05T13:04:35+02:00,200,0.3984,50.00%,terrassenfliesen reinigen,wie kann ich effektiv igel von terrasse fern halten?,https://www.gutefrage.net/frage/wie-kann-ich-effektiv-igel-von-terrasse-fern-halten
2016-05-13,2016-05-13T17:46:01+02:00,200,0.4580,66.67%,klickfliesen reinigen balkon,"hart-plastikverkleidung des fensters durch kerzenruß verfärbt, wie reinigen?",https://www.gutefrage.net/frage/hart-plastikverkleidung-des-fensters-durch-kerzenruss-verfaerbt-wie-reinigen
2016-05-08,2016-05-08T10:49:01+02:00,200,0.3833,50.00%,terrassenfliesen reinigen,wie reinigt man einen spritzbeutel?,https://www.gutefrage.net/frage/wie-reinigt-man-einen-spritzbeutel
2016-05-01,2016-05-01T13:30:53+02:00,200,0.3926,50.00%,terrassenfliesen reinigen,wie oft sollte man seine tastatur reinigen?,https://www.gutefrage.net/frage/wie-oft-sollte-man-seine-tastatur-reinigen
2016-03-26,2016-03-26T18:41:49+01:00,200,0.4549,66.67%,klickfliesen reinigen balkon,wisst ihr wenn man ruft um ein netzt am balkon anzulegen wenn die tauben sich nicht vertreiben lassen und wisst ihr wie teuer das ist?,https://www.gutefrage.net/frage/wisst-ihr-wenn-man-ruft-um-ein-netzt-am-balkon-anzulegen-wenn-die-tauben-sich-nicht-vertreiben-lassen-und-wisst-ihr-wie-teuer-das-ist
2016-03-17,2016-03-17T17:00:47+01:00,200,0.4899,66.67%,balkon bodenbelag fliesen,kann man auf ungeraden dielen fliesen legen?,https://www.gutefrage.net/frage/kann-man-auf-ungeraden-dielen-fliesen-legen
2015-08-31,2015-08-31T11:23:29+02:00,200,0.3798,50.00%,terrassenfliesen reinigen,wie kann ich dieses schwert reinigen?,https://www.gutefrage.net/frage/wie-kann-ich-dieses-schwert-reinigen
2015-08-29,2015-08-29T11:11:19+02:00,200,0.3966,50.00%,terrassenfliesen reinigen,wie kann ich verbrannte teppiche wieder reinigen?,https://www.gutefrage.net/frage/wie-kann-ich-verbrannte-teppiche-wieder-reinigen
2015-08-20,2015-08-20T22:31:47+02:00,200,0.4576,66.67%,klickfliesen outdoor holz,was ist der unterschied zwischen holz und teak holz?,https://www.gutefrage.net/frage/was-ist-der-unterschied-zwischen-holz-und-teak-holz
2015-07-02,2015-07-02T15:03:14+02:00,200,0.4843,66.67%,klickfliesen terrasse holz,wie kann ich am besten ameisen auf der terrasse loswerden?,https://www.gutefrage.net/frage/wie-kann-ich-am-besten-ameisen-auf-der-terrasse-loswerden
2015-07-02,2015-07-02T22:38:52+02:00,200,0.4743,66.67%,klickfliesen terrasse holz,warum wölbt sich das lärchenholz auf meiner terrasse?,https://www.gutefrage.net/frage/warum-woelbt-sich-das-laerchenholz-auf-meiner-terrasse-
2015-07-01,2015-07-01T17:07:15+02:00,200,0.7593,100.00%,holzfliesen balkon pflege,womit pflege ich meine holzfliesen auf dem balkon. es handelt sich um klickfliesen aus akazie und sie sind schon sehr ausgeblichen aber erst ein jahr alt?,https://www.gutefrage.net/frage/womit-pflege-ich-meine-holzfliesen-auf-dem-balkon-es-handelt-sich-um-klickfliesen-aus-akazie-und-sie-sind-schon-sehr-ausgeblichen-aber-erst-ein-jahr-alt
2015-06-26,2015-06-26T21:02:26+02:00,200,0.6263,100.00%,balkonboden holzfliesen,mit welchem fußboden oder fußbodenbelag für den balkon habt ihr die besten erfahrungen gemacht?,https://www.gutefrage.net/frage/mit-welchem-fussboden-oder-fussbodenbelag-fuer-den-balkon-habt-ihr-die-besten-erfahrungen-gemacht
2015-04-09,2015-04-09T18:28:16+02:00,200,0.4634,66.67%,holzfliesen balkon pflege,ich habe das nest auf meinem balkon was kann ich machen .habe auch eine,https://www.gutefrage.net/frage/ich-habe-das-nest-auf-meinem--balkon-was-kann-ich-machen-habe-auch-eine
2015-01-01,2015-01-01T19:58:18+01:00,200,0.3962,50.00%,terrassenfliesen reinigen,beim reinigen der ohp-folie bildet sich eine trübe schicht. was mache ich falsch?,https://www.gutefrage.net/frage/beim-reinigen-der-ohp-folie-bildet-sich-eine-truebe-schicht-was-mache-ich-falsch
2014-11-17,2014-11-17T16:14:25+01:00,200,0.4500,66.67%,holz klickfliesen balkon,"holzterasse ölen, oder lasieren? mit was genau? auch jetzt noch möglich?",https://www.gutefrage.net/frage/holzterasse-oelen-oder-lasieren-mit-was-genau-auch-jetzt-noch-moeglich
2014-08-29,2014-08-29T09:51:49+02:00,200,0.3946,50.00%,terrassenfliesen reinigen,wie macbook reinigen?,https://www.gutefrage.net/frage/wie-macbook-reinigen
2014-06-01,2014-06-01T18:44:54+02:00,200,0.3645,50.00%,terrassenfliesen reinigen,wie kann man einen laser einer spielekonsole (wii u) richtig reinigen?,https://www.gutefrage.net/frage/wie-kann-man-einen-laser-einer-spielekonsole-wii-u-richtig-reinigen
2014-05-23,2014-05-23T16:14:01+02:00,200,0.3683,50.00%,terrassenfliesen reinigen,wie kann man am besten long board rollen reinigen?,https://www.gutefrage.net/frage/wie-longboard-rollen-reinigen
2014-03-14,2014-03-14T10:10:18+01:00,200,0.3583,50.00%,terrassenfliesen reinigen,"hi, wie kann ich mein total verußtes fahrrad nach brand reinigen?",https://www.gutefrage.net/frage/hi-wie-kann-ich-mein-total-verusstes-fahrrad--nach-brand-reinigen
2014-02-01,2014-02-01T19:24:01+01:00,200,0.4514,66.67%,holz klickfliesen balkon,wie hoch können frettchen springen?,https://www.gutefrage.net/frage/wie-hoch-koennen-frettchen-springen
2013-11-09,2013-11-09T22:12:26+01:00,200,0.3787,50.00%,terrassenfliesen reinigen,wie kann ich meine handschuhe säubern / waschen / reinigen?,https://www.gutefrage.net/frage/wie-kann-ich-meine-handschuhe-saeubern--waschen--reinigen
2013-11-07,2013-11-07T17:04:49+01:00,200,0.4583,66.67%,akazienholz terrasse pflege,wer ist für den garten zuständig?,https://www.gutefrage.net/frage/wer-ist-fuer-den-garten-zustaendig
2013-06-16,2013-06-16T11:47:50+02:00,200,0.4810,66.67%,klickfliesen reinigen balkon,"was hilft gegen uringeruch auf dem balkon,",https://www.gutefrage.net/frage/was-hilft-gegen-uringeruch-auf-dem-balkon
2013-05-03,2013-05-03T10:42:37+02:00,200,0.3676,50.00%,terrassenfliesen reinigen,wie reinige ich chrom am auto,https://www.gutefrage.net/frage/wie-reinige-ich-chrom-am-auto
2013-01-14,2013-01-14T12:31:28+01:00,200,0.5086,66.67%,balkon bodenbelag fliesen | holz klickfliesen balkon,wer hat erfahrung mit wpc-fliesen für den balkon?,https://www.gutefrage.net/frage/wer-hat-erfahrung-mit-wpc-fliesen-fuer-den-balkon-
2013-01-02,2013-01-02T11:24:37+01:00,200,0.5760,66.67%,balkon bodenbelag fliesen,welchen bodenbelag kann man auf vorhandene fliesen verlegen ohne die fliesen zu entfernen.,https://www.gutefrage.net/frage/welchen-bodenbelag-kann-man-auf-vorhandene-fliesen-verlegen-ohne-die-fliesen-zu-entfernen
2012-07-31,2012-07-31T16:16:20+02:00,200,0.4524,50.00%,balkonboden holzfliesen,holzfliesen reinigen,https://www.gutefrage.net/frage/holzfliesen-reinigen
2012-07-15,2012-07-15T12:13:18+02:00,200,0.4839,66.67%,holz klickfliesen balkon,brandfleck auf balkonholzdiele. was tun?,https://www.gutefrage.net/frage/brandfleck-auf-balkonholzdiele-was-tun
2012-07-13,2012-07-13T00:01:44+02:00,200,0.3962,50.00%,terrassenfliesen reinigen,was kann ich nehmen zum reinigen einer mechanischen uhr?,https://www.gutefrage.net/frage/was-kann-ich-nehmen-zum-reinigen-einer-mechanischen-uhr
2012-07-13,2012-07-13T00:32:42+02:00,200,0.3833,50.00%,terrassenfliesen reinigen,kontaktlinsenbehälter wie reinigen?,https://www.gutefrage.net/frage/kontaktlinsenbehaelter-wie-reinigen-
2012-05-15,2012-05-15T14:39:17+02:00,200,0.4089,50.00%,terrassenfliesen reinigen,wie reinige ich einen vergaser?,https://www.gutefrage.net/frage/wie-reinige-ich-einen-vergaser
2012-01-28,2012-01-28T16:09:45+01:00,200,0.3720,50.00%,terrassenfliesen reinigen,wie oft sollte man das katzenklo reinigen?,https://www.gutefrage.net/frage/wie-oft-sollte-man-das-katzenklo-reinigen
2011-10-19,2011-10-19T11:37:33+02:00,200,0.4801,50.00%,terrassenfliesen akazie,helle terrassenplatten terrassenfliesen flecken entfernen,https://www.gutefrage.net/frage/helle-terrassenplatten-terrassenfliesen--flecken-entfernen
2011-07-07,2011-07-07T16:33:39+02:00,200,0.4590,66.67%,klickfliesen terrasse holz,was kostet der qm bangkirai + verlegen?,https://www.gutefrage.net/frage/was-kostet-der-qm-bangkirai--verlegen
2011-04-15,2011-04-15T21:26:26+02:00,200,0.4974,66.67%,balkon bodenbelag fliesen,kann man fliesen direkt auf beton legen?,https://www.gutefrage.net/frage/kann-man-fliesen-direkt-auf-beton-legen
2011-04-06,2011-04-06T22:49:24+02:00,200,0.3550,50.00%,terrassenfliesen reinigen,"wie kann man am besten, flachbildschirme reinigen?",https://www.gutefrage.net/frage/wie-kann-man-am-besten-flachbildschirme-reinigen
2011-04-03,2011-04-03T20:03:00+02:00,200,0.6238,100.00%,balkon bodenbelag fliesen,wie riss im steinteppich ausbessern?,https://www.gutefrage.net/frage/wie-riss-im-steinteppich-ausbessern-
2011-03-15,2011-03-15T20:00:47+01:00,200,0.3597,50.00%,terrassenfliesen reinigen,"wie einen sehr dreckigen backofen reinigen? mit klebrigen fettstellen, eingebrannten sachen & wie",https://www.gutefrage.net/frage/wie-einen-sehr-dreckigen-backofen-reinigen-mit-klebrigen-fettstellen-eingebrannten-sachen--wie-
2010-09-29,2010-09-29T19:08:01+02:00,200,0.3620,50.00%,terrassenfliesen reinigen,"wie kann ich meine jacke reinigen, wenn man sie nicht waschen darf?",https://www.gutefrage.net/frage/wie-kann-ich-meine-jacke-reinigen-wenn-man-sie-nicht-waschen-darf
2010-08-20,2010-08-20T12:03:05+02:00,200,0.4653,66.67%,balkon bodenbelag fliesen,balkonsanierung: was kommt da am besten drauf?,https://www.gutefrage.net/frage/balkonsanierung-was-kommt-da-am-besten--drauf
2010-08-17,2010-08-17T21:59:05+02:00,200,0.3722,50.00%,terrassenfliesen reinigen,wie schmuck mit edelsteinen am besten reinigen?,https://www.gutefrage.net/frage/wie-schmuck-mit-edelsteinen-am-besten-reinigen
2010-07-19,2010-07-19T13:03:57+02:00,200,0.4667,66.67%,holz klickfliesen balkon,mit wie viel kilogramm gewicht ist ein balkon belastbar?,https://www.gutefrage.net/frage/mit-wieviel-kilogramm-gewicht-ist-ein-balkon-belastbar
2010-06-30,2010-06-30T22:08:14+02:00,200,0.5030,66.67%,balkon bodenbelag fliesen,fliesen legen! was kostet das?,https://www.gutefrage.net/frage/fliesen-legen-was-kostet-das
2010-05-10,2010-05-10T09:13:15+02:00,200,0.3764,50.00%,terrassenfliesen reinigen,womit kann man ein leeres aquarium reinigen?,https://www.gutefrage.net/frage/leeres-aquarium-reinigen
2010-04-04,2010-04-04T10:29:36+02:00,200,0.3718,50.00%,terrassenfliesen reinigen,wie reinige ich euromünzen am besten?,https://www.gutefrage.net/frage/wie-reinige-ich-euromuenzen-am-besten
2010-03-13,2010-03-13T12:19:24+01:00,200,0.3788,50.00%,terrassenfliesen reinigen,motorradkette reinigen? wie?,https://www.gutefrage.net/frage/motorradkette-reinigen-wie
2010-01-18,2010-01-18T12:09:39+01:00,200,0.5462,66.67%,balkon bodenbelag fliesen,was kostet es einen balkon von ca 8 qm neu fliesen zu lassen?,https://www.gutefrage.net/frage/was-kostet-es-einen-balkon-von-ca-8-qm-neu-fliesen-zu-lassen
2009-12-09,2009-12-09T20:28:52+01:00,200,0.3659,50.00%,terrassenfliesen reinigen,"kugelschreiber ausgelaufen,-wie die finger reinigen?",https://www.gutefrage.net/frage/kugelschreiber-ausgelaufen-wie-die-finger-reinigen
2009-11-22,2009-11-22T12:59:20+01:00,200,0.3798,50.00%,terrassenfliesen reinigen,"angebrannten topf reinigen, aber wie?",https://www.gutefrage.net/frage/angebrannten-topf-reinigen-aber-wie
2009-10-09,2009-10-09T12:19:48+02:00,200,0.4696,66.67%,holzfliesen balkon pflege,was für winterharte balkonpflanzen gibt es?,https://www.gutefrage.net/frage/was-fuer-winterharte-balkonpflanzen-gibt-es
2009-08-08,2009-08-08T19:48:35+02:00,200,0.3871,50.00%,terrassenfliesen reinigen,wie kann ich 925 silber reinigen?,https://www.gutefrage.net/frage/wie-kann-ich-925-silber-reinigen
2009-07-13,2009-07-13T10:47:06+02:00,200,0.4513,66.67%,holzfliesen balkon pflege,"maine coon katze, wie ist der charakter?",https://www.gutefrage.net/frage/maine-coon-katze-wie-ist-der-charakter
2009-03-18,2009-03-18T16:07:13+01:00,200,0.4515,66.67%,balkon bodenbelag fliesen,wer hat mit der firma daniel strauß erfahrung gesammelt? es geht um balkonversiegelung.,https://www.gutefrage.net/frage/wer-hat-mit-der-firma-daniel-strauss-erfahrung-gesammelt-es-geht-um-balkonversiegelung
2008-10-14,2008-10-14T20:11:30+02:00,200,0.4019,50.00%,terrassenfliesen reinigen,"kann man seine lunge irgendwie ""reinigen""?",https://www.gutefrage.net/frage/kann-man-seine-lunge-irgendwie-reinigen
2008-07-24,2008-07-24T14:22:40+02:00,200,0.3702,50.00%,terrassenfliesen reinigen,wie kann ich das armband einer titanarmarmbanduhr reinigen?,https://www.gutefrage.net/frage/wie-kann-ich-das-armband-einer-titanarmarmbanduhr-reinigen
2008-07-09,2008-07-09T16:45:36+02:00,200,0.3707,50.00%,terrassenfliesen reinigen,wie reinigt man fotos?,https://www.gutefrage.net/frage/wie-reinigt-man-fotos
2008-04-29,2008-04-29T14:57:56+02:00,200,0.3750,50.00%,terrassenfliesen reinigen,wie kann man seine querflöte mal richtig reinigen?,https://www.gutefrage.net/frage/wie-kann-man-seine-querfloete-mal-richtig-reinigen
2007-10-22,2007-10-22T20:57:27+02:00,200,0.4760,66.67%,balkon bodenbelag fliesen,kann man hässliche fliesen einfach neu lackieren? hält der lack dauerhaft?,https://www.gutefrage.net/frage/kann-man-haessliche-fliesen-einfach-neu-lackieren-haelt-der-lack-dauerhaft
2007-09-16,2007-09-16T21:49:12+02:00,200,0.4667,66.67%,holz klickfliesen balkon,kann ich einen eichetisch im winter auf dem balkon stehen lassen?,https://www.gutefrage.net/frage/kann-ich-einen-eichetisch-im-winter-auf-dem-balkon-stehen-lassen
